scheme,outer_fold,model,candidate,inner_fold_id,inner_mae
five_fold,0,ridge,0.1,0,2.454929239972658
five_fold,0,ridge,0.1,1,2.049348818177429
five_fold,0,ridge,0.1,2,1.6653248385980226
five_fold,0,ridge,1.0,0,2.4469491737787687
five_fold,0,ridge,1.0,1,2.048700598990846
five_fold,0,ridge,1.0,2,1.6700313657493688
five_fold,0,ridge,10.0,0,2.372003304836831
five_fold,0,ridge,10.0,1,2.0430162363467366
five_fold,0,ridge,10.0,2,1.7130211952431644
five_fold,0,ridge,100.0,0,1.9033439892024795
five_fold,0,ridge,100.0,1,2.022102802537117
five_fold,0,ridge,100.0,2,1.9434342049997355
five_fold,0,ridge,1000.0,0,1.7246498666870895
five_fold,0,ridge,1000.0,1,2.0412494214854013
five_fold,0,ridge,1000.0,2,2.4020054233118806
five_fold,0,ridge,10000.0,0,2.4494564956613125
five_fold,0,ridge,10000.0,1,1.9964895938107183
five_fold,0,ridge,10000.0,2,3.4593476687526143
five_fold,0,pcr,1.0,0,3.320789395248029
five_fold,0,pcr,1.0,1,2.2887402048283283
five_fold,0,pcr,1.0,2,3.978259235521854
five_fold,0,pcr,2.0,0,1.6324758194232558
five_fold,0,pcr,2.0,1,2.2353077637501984
five_fold,0,pcr,2.0,2,2.8368534874850027
five_fold,0,pcr,3.0,0,2.1014920221758477
five_fold,0,pcr,3.0,1,2.54284633402861
five_fold,0,pcr,3.0,2,2.8289436352223363
five_fold,0,pcr,5.0,0,2.403112321625295
five_fold,0,pcr,5.0,1,1.9163590441288263
five_fold,0,pcr,5.0,2,2.008086148708913
five_fold,1,ridge,0.1,0,2.5570879307508805
five_fold,1,ridge,0.1,1,2.208986056794179
five_fold,1,ridge,0.1,2,1.8715595567795078
five_fold,1,ridge,1.0,0,2.553327896118692
five_fold,1,ridge,1.0,1,2.211589959337714
five_fold,1,ridge,1.0,2,1.8706216549481092
five_fold,1,ridge,10.0,0,2.517413468973141
five_fold,1,ridge,10.0,1,2.235642258035172
five_fold,1,ridge,10.0,2,1.8608053615354805
five_fold,1,ridge,100.0,0,2.454880433664489
five_fold,1,ridge,100.0,1,2.373990552503325
five_fold,1,ridge,100.0,2,1.757439612661635
five_fold,1,ridge,1000.0,0,1.9435103668164366
five_fold,1,ridge,1000.0,1,2.6928820034236765
five_fold,1,ridge,1000.0,2,1.5210668487943564
five_fold,1,ridge,10000.0,0,2.173762582931353
five_fold,1,ridge,10000.0,1,3.30122273339799
five_fold,1,ridge,10000.0,2,1.7863698621679205
five_fold,1,pcr,1.0,0,2.5555370988108055
five_fold,1,pcr,1.0,1,3.5774308620177764
five_fold,1,pcr,1.0,2,2.072350179320523
five_fold,1,pcr,2.0,0,1.8568889776830886
five_fold,1,pcr,2.0,1,2.7906429240903727
five_fold,1,pcr,2.0,2,1.8016264501129051
five_fold,1,pcr,3.0,0,2.5160635380500516
five_fold,1,pcr,3.0,1,2.481544074769934
five_fold,1,pcr,3.0,2,1.9891021528559718
five_fold,1,pcr,5.0,0,2.5682683803050046
five_fold,1,pcr,5.0,1,2.5374445418734504
five_fold,1,pcr,5.0,2,1.7482260144231425
five_fold,2,ridge,0.1,0,1.1776328639453724
five_fold,2,ridge,0.1,1,2.539378975912271
five_fold,2,ridge,0.1,2,2.508970434904314
five_fold,2,ridge,1.0,0,1.1747085601001832
five_fold,2,ridge,1.0,1,2.540092811173679
five_fold,2,ridge,1.0,2,2.5038425040591776
five_fold,2,ridge,10.0,0,1.147560893549971
five_fold,2,ridge,10.0,1,2.5464563596152656
five_fold,2,ridge,10.0,2,2.4560749558750197
five_fold,2,ridge,100.0,0,1.091581065904326
five_fold,2,ridge,100.0,1,2.564494437113273
five_fold,2,ridge,100.0,2,2.173378859416176
five_fold,2,ridge,1000.0,0,1.3182065452949374
five_fold,2,ridge,1000.0,1,2.317243473499434
five_fold,2,ridge,1000.0,2,1.6653539081719835
five_fold,2,ridge,10000.0,0,1.8861514293850359
five_fold,2,ridge,10000.0,1,1.9416529467503303
five_fold,2,ridge,10000.0,2,1.0670614730578478
five_fold,2,pcr,1.0,0,2.4952166521111234
five_fold,2,pcr,1.0,1,2.069707661479332
five_fold,2,pcr,1.0,2,1.146907139586098
five_fold,2,pcr,2.0,0,1.5402196973567872
five_fold,2,pcr,2.0,1,1.9311150194132274
five_fold,2,pcr,2.0,2,2.2292865049240023
five_fold,2,pcr,3.0,0,1.2088288211151947
five_fold,2,pcr,3.0,1,2.390168443917301
five_fold,2,pcr,3.0,2,1.626031261921149
five_fold,2,pcr,5.0,0,1.427890627977782
five_fold,2,pcr,5.0,1,2.8192587136898846
five_fold,2,pcr,5.0,2,1.8953943590503441
five_fold,3,ridge,0.1,0,2.7425790857126153
five_fold,3,ridge,0.1,1,3.6902287750130625
five_fold,3,ridge,0.1,2,2.5137324704899213
five_fold,3,ridge,1.0,0,2.7369646453129985
five_fold,3,ridge,1.0,1,3.689443324646698
five_fold,3,ridge,1.0,2,2.506745783635048
five_fold,3,ridge,10.0,0,2.6857823841428843
five_fold,3,ridge,10.0,1,3.6814747984477
five_fold,3,ridge,10.0,2,2.441579936679056
five_fold,3,ridge,100.0,0,2.5922569784125593
five_fold,3,ridge,100.0,1,3.607711599501232
five_fold,3,ridge,100.0,2,2.0457067347954307
five_fold,3,ridge,1000.0,0,2.425341432929059
five_fold,3,ridge,1000.0,1,3.277801826315631
five_fold,3,ridge,1000.0,2,1.2434714978650476
five_fold,3,ridge,10000.0,0,1.6976635706206455
five_fold,3,ridge,10000.0,1,3.001715742633775
five_fold,3,ridge,10000.0,2,0.9442050161129558
five_fold,3,pcr,1.0,0,2.096167511561348
five_fold,3,pcr,1.0,1,3.05549922645086
five_fold,3,pcr,1.0,2,1.5479068983619662
five_fold,3,pcr,2.0,0,2.7457644806719546
five_fold,3,pcr,2.0,1,2.3484013405734165
five_fold,3,pcr,2.0,2,0.9073212737636538
five_fold,3,pcr,3.0,0,2.700751568705551
five_fold,3,pcr,3.0,1,3.0007303991881846
five_fold,3,pcr,3.0,2,0.818958762886016
five_fold,3,pcr,5.0,0,2.7952148118064817
five_fold,3,pcr,5.0,1,3.568270441075857
five_fold,3,pcr,5.0,2,1.9043504844046772
five_fold,4,ridge,0.1,0,3.173291327072729
five_fold,4,ridge,0.1,1,2.7338249549965545
five_fold,4,ridge,0.1,2,2.6777385215237155
five_fold,4,ridge,1.0,0,3.1611059610005667
five_fold,4,ridge,1.0,1,2.733186498786702
five_fold,4,ridge,1.0,2,2.6669496926447906
five_fold,4,ridge,10.0,0,3.045242601409931
five_fold,4,ridge,10.0,1,2.7273469671467736
five_fold,4,ridge,10.0,2,2.5670191698438574
five_fold,4,ridge,100.0,0,2.3140043884960737
five_fold,4,ridge,100.0,1,2.696009118098611
five_fold,4,ridge,100.0,2,2.1733310238970702
five_fold,4,ridge,1000.0,0,1.1877465651481678
five_fold,4,ridge,1000.0,1,2.6335482449559975
five_fold,4,ridge,1000.0,2,2.368708728773864
five_fold,4,ridge,10000.0,0,1.65355198557497
five_fold,4,ridge,10000.0,1,2.4512242418999044
five_fold,4,ridge,10000.0,2,2.8116386538775267
five_fold,4,pcr,1.0,0,2.975232125227184
five_fold,4,pcr,1.0,1,3.3049153119664334
five_fold,4,pcr,1.0,2,3.6568494813444814
five_fold,4,pcr,2.0,0,1.0337455017553225
five_fold,4,pcr,2.0,1,2.943313908240261
five_fold,4,pcr,2.0,2,2.7132190588403957
five_fold,4,pcr,3.0,0,0.963752612850446
five_fold,4,pcr,3.0,1,2.890361740882929
five_fold,4,pcr,3.0,2,2.701282130292724
five_fold,4,pcr,5.0,0,0.9935375885524138
five_fold,4,pcr,5.0,1,2.6201256676490416
five_fold,4,pcr,5.0,2,2.035642410404715
loo,0,ridge,0.1,0,1.9032622162269668
loo,0,ridge,0.1,1,2.5054218338107734
loo,0,ridge,0.1,2,2.945380786013876
loo,0,ridge,1.0,0,1.9003279063760299
loo,0,ridge,1.0,1,2.499893983098183
loo,0,ridge,1.0,2,2.9423514518769545
loo,0,ridge,10.0,0,1.872571509435002
loo,0,ridge,10.0,1,2.447314051202756
loo,0,ridge,10.0,2,2.9134872054862755
loo,0,ridge,100.0,0,1.6929152305332675
loo,0,ridge,100.0,1,2.3373918642261255
loo,0,ridge,100.0,2,2.715871677781575
loo,0,ridge,1000.0,0,1.8866453695251988
loo,0,ridge,1000.0,1,2.3278977706416626
loo,0,ridge,1000.0,2,2.1631510304403485
loo,0,ridge,10000.0,0,2.818327633963501
loo,0,ridge,10000.0,1,2.5739790130510296
loo,0,ridge,10000.0,2,1.4283130154208077
loo,0,pcr,1.0,0,3.6342248272831954
loo,0,pcr,1.0,1,3.2227883983901737
loo,0,pcr,1.0,2,1.5074945283684087
loo,0,pcr,2.0,0,2.529719381978475
loo,0,pcr,2.0,1,2.57555719108022
loo,0,pcr,2.0,2,2.270749578731461
loo,0,pcr,3.0,0,2.4640664605670146
loo,0,pcr,3.0,1,2.7119609057018383
loo,0,pcr,3.0,2,2.515511215587928
loo,0,pcr,5.0,0,1.5602660520084182
loo,0,pcr,5.0,1,2.721185275073053
loo,0,pcr,5.0,2,2.579026082654474
loo,1,ridge,0.1,0,3.0157967143133813
loo,1,ridge,0.1,1,3.0079561094681164
loo,1,ridge,0.1,2,2.6322164587422705
loo,1,ridge,1.0,0,3.015334073344982
loo,1,ridge,1.0,1,3.0062337282421496
loo,1,ridge,1.0,2,2.6239434524392693
loo,1,ridge,10.0,0,3.0094507182580617
loo,1,ridge,10.0,1,2.990499351799762
loo,1,ridge,10.0,2,2.547380047817103
loo,1,ridge,100.0,0,2.9023963429450292
loo,1,ridge,100.0,1,2.9135099861031644
loo,1,ridge,100.0,2,2.1166056987868793
loo,1,ridge,1000.0,0,2.1877744218371333
loo,1,ridge,1000.0,1,2.890196519988878
loo,1,ridge,1000.0,2,1.470261671084108
loo,1,ridge,10000.0,0,2.06787317205553
loo,1,ridge,10000.0,1,2.6658148690864167
loo,1,ridge,10000.0,2,1.5175259879719512
loo,1,pcr,1.0,0,2.5750716825493645
loo,1,pcr,1.0,1,2.9455280773039534
loo,1,pcr,1.0,2,2.5404304494628405
loo,1,pcr,2.0,0,1.8707195802287642
loo,1,pcr,2.0,1,3.303697685826515
loo,1,pcr,2.0,2,1.712958612482364
loo,1,pcr,3.0,0,2.1413008594690845
loo,1,pcr,3.0,1,3.4679871180820316
loo,1,pcr,3.0,2,1.8082101741014125
loo,1,pcr,5.0,0,3.073631033571751
loo,1,pcr,5.0,1,3.039446699047764
loo,1,pcr,5.0,2,1.4506451144993922
loo,2,ridge,0.1,0,2.7101829116762883
loo,2,ridge,0.1,1,2.3851062130767886
loo,2,ridge,0.1,2,1.8243888653558933
loo,2,ridge,1.0,0,2.704303612295482
loo,2,ridge,1.0,1,2.3870678950694377
loo,2,ridge,1.0,2,1.8252488452821432
loo,2,ridge,10.0,0,2.6473772015244004
loo,2,ridge,10.0,1,2.4049411866893675
loo,2,ridge,10.0,2,1.8332414973333233
loo,2,ridge,100.0,0,2.2424149209427005
loo,2,ridge,100.0,1,2.5099516934110486
loo,2,ridge,100.0,2,1.8766078003845585
loo,2,ridge,1000.0,0,1.797165831943859
loo,2,ridge,1000.0,1,2.767788635122736
loo,2,ridge,1000.0,2,1.868178610223583
loo,2,ridge,10000.0,0,1.4081088275512461
loo,2,ridge,10000.0,1,3.0605511652776065
loo,2,ridge,10000.0,2,1.8989240462446049
loo,2,pcr,1.0,0,1.5350819748384876
loo,2,pcr,1.0,1,3.3735966911799964
loo,2,pcr,1.0,2,2.4018084508698565
loo,2,pcr,2.0,0,2.2461759797584824
loo,2,pcr,2.0,1,2.742833109799087
loo,2,pcr,2.0,2,1.7210333529884245
loo,2,pcr,3.0,0,2.24061900057776
loo,2,pcr,3.0,1,2.906289962708535
loo,2,pcr,3.0,2,2.0176184586767785
loo,2,pcr,5.0,0,2.110811459915136
loo,2,pcr,5.0,1,2.675538371865132
loo,2,pcr,5.0,2,1.9964848710452276
loo,3,ridge,0.1,0,2.525037348412932
loo,3,ridge,0.1,1,1.4402808807983387
loo,3,ridge,0.1,2,3.7392464806371404
loo,3,ridge,1.0,0,2.5246937580048545
loo,3,ridge,1.0,1,1.4383418201905804
loo,3,ridge,1.0,2,3.7164263139366227
loo,3,ridge,10.0,0,2.5212829770698475
loo,3,ridge,10.0,1,1.4207417424865767
loo,3,ridge,10.0,2,3.5044767835896216
loo,3,ridge,100.0,0,2.4935950394484974
loo,3,ridge,100.0,1,1.331813291645054
loo,3,ridge,100.0,2,2.3182343065094546
loo,3,ridge,1000.0,0,2.3806033841252137
loo,3,ridge,1000.0,1,1.71395623073957
loo,3,ridge,1000.0,2,1.2582493021781656
loo,3,ridge,10000.0,0,2.6072811590433256
loo,3,ridge,10000.0,1,2.4100117375581256
loo,3,ridge,10000.0,2,1.3907280078580222
loo,3,pcr,1.0,0,2.6608833051118945
loo,3,pcr,1.0,1,3.07538230854632
loo,3,pcr,1.0,2,2.557234188309319
loo,3,pcr,2.0,0,2.8354107031506506
loo,3,pcr,2.0,1,1.942731012633016
loo,3,pcr,2.0,2,1.7721303512250284
loo,3,pcr,3.0,0,2.6223541703120015
loo,3,pcr,3.0,1,1.864381147521896
loo,3,pcr,3.0,2,2.105088674577587
loo,3,pcr,5.0,0,2.5193263115494533
loo,3,pcr,5.0,1,1.454872971784079
loo,3,pcr,5.0,2,1.4277912929397807
loo,4,ridge,0.1,0,2.8604078604951924
loo,4,ridge,0.1,1,3.186521861485168
loo,4,ridge,0.1,2,3.8455470617467675
loo,4,ridge,1.0,0,2.856928206326234
loo,4,ridge,1.0,1,3.188921717562629
loo,4,ridge,1.0,2,3.8420719613085645
loo,4,ridge,10.0,0,2.8239332635929384
loo,4,ridge,10.0,1,3.2110437159481484
loo,4,ridge,10.0,2,3.80948869417328
loo,4,ridge,100.0,0,2.6094269454412986
loo,4,ridge,100.0,1,3.337576668192076
loo,4,ridge,100.0,2,3.591762136722125
loo,4,ridge,1000.0,0,2.2849286441498617
loo,4,ridge,1000.0,1,3.6383777788952147
loo,4,ridge,1000.0,2,2.7295939510670144
loo,4,ridge,10000.0,0,2.7661529929266573
loo,4,ridge,10000.0,1,4.128348976576637
loo,4,ridge,10000.0,2,1.3481649927913548
loo,4,pcr,1.0,0,3.3821414990192324
loo,4,pcr,1.0,1,4.429335325828432
loo,4,pcr,1.0,2,0.9075077096625469
loo,4,pcr,2.0,0,2.020945931005239
loo,4,pcr,2.0,1,3.716148018912907
loo,4,pcr,2.0,2,1.965593515815602
loo,4,pcr,3.0,0,2.0334529981456093
loo,4,pcr,3.0,1,3.7396444639259667
loo,4,pcr,3.0,2,2.1643446299228213
loo,4,pcr,5.0,0,2.429640495755461
loo,4,pcr,5.0,1,3.4729337237547404
loo,4,pcr,5.0,2,3.701353465037649
loo,5,ridge,0.1,0,2.4595884909411585
loo,5,ridge,0.1,1,2.134195543705189
loo,5,ridge,0.1,2,2.877025456560657
loo,5,ridge,1.0,0,2.4588484598889475
loo,5,ridge,1.0,1,2.130647811976765
loo,5,ridge,1.0,2,2.8777278128557846
loo,5,ridge,10.0,0,2.451701781051406
loo,5,ridge,10.0,1,2.0985556511125982
loo,5,ridge,10.0,2,2.884200590233372
loo,5,ridge,100.0,0,2.4048040947950944
loo,5,ridge,100.0,1,1.9226543431788248
loo,5,ridge,100.0,2,2.9157554691633165
loo,5,ridge,1000.0,0,2.394375277732711
loo,5,ridge,1000.0,1,1.4338182607699963
loo,5,ridge,1000.0,2,2.9749690092889765
loo,5,ridge,10000.0,0,2.8662148841958617
loo,5,ridge,10000.0,1,1.022974724612246
loo,5,ridge,10000.0,2,3.607280920548815
loo,5,pcr,1.0,0,3.3130156347550654
loo,5,pcr,1.0,1,1.3213667081480143
loo,5,pcr,1.0,2,4.164054484517405
loo,5,pcr,2.0,0,2.117413821605697
loo,5,pcr,2.0,1,1.2222500444078228
loo,5,pcr,2.0,2,3.202576515957444
loo,5,pcr,3.0,0,2.2851832055837518
loo,5,pcr,3.0,1,1.1646003850465707
loo,5,pcr,3.0,2,3.218040662856188
loo,5,pcr,5.0,0,2.313003848950651
loo,5,pcr,5.0,1,2.0917036438312286
loo,5,pcr,5.0,2,2.7054663262241436
loo,6,ridge,0.1,0,2.310590405107746
loo,6,ridge,0.1,1,2.1266278103272658
loo,6,ridge,0.1,2,3.524879263626366
loo,6,ridge,1.0,0,2.309909062836987
loo,6,ridge,1.0,1,2.1229862966758835
loo,6,ridge,1.0,2,3.5206570680114653
loo,6,ridge,10.0,0,2.3036626139417575
loo,6,ridge,10.0,1,2.089851850555991
loo,6,ridge,10.0,2,3.4818426942061755
loo,6,ridge,100.0,0,2.273131295408085
loo,6,ridge,100.0,1,1.9691486815090873
loo,6,ridge,100.0,2,3.258693320486829
loo,6,ridge,1000.0,0,2.67968735647113
loo,6,ridge,1000.0,1,1.6852268367312142
loo,6,ridge,1000.0,2,2.69203019132782
loo,6,ridge,10000.0,0,3.277612256312046
loo,6,ridge,10000.0,1,2.0967257402728747
loo,6,ridge,10000.0,2,1.6919821044577823
loo,6,pcr,1.0,0,3.5410018326045107
loo,6,pcr,1.0,1,2.9160323005667457
loo,6,pcr,1.0,2,1.596830266619272
loo,6,pcr,2.0,0,3.2738913334174784
loo,6,pcr,2.0,1,1.7619260274253943
loo,6,pcr,2.0,2,2.5288880691025413
loo,6,pcr,3.0,0,3.2488995532061957
loo,6,pcr,3.0,1,2.4343515581468513
loo,6,pcr,3.0,2,3.107946842587604
loo,6,pcr,5.0,0,2.3226773728890246
loo,6,pcr,5.0,1,1.9193820514042972
loo,6,pcr,5.0,2,3.1022053039852886
loo,7,ridge,0.1,0,2.8729406192157367
loo,7,ridge,0.1,1,2.8630045629154743
loo,7,ridge,0.1,2,3.0858336581113117
loo,7,ridge,1.0,0,2.8633190189027187
loo,7,ridge,1.0,1,2.864424429289349
loo,7,ridge,1.0,2,3.084292479633751
loo,7,ridge,10.0,0,2.7757021236870956
loo,7,ridge,10.0,1,2.8770053151603996
loo,7,ridge,10.0,2,3.070391496255185
loo,7,ridge,100.0,0,2.5098803842833717
loo,7,ridge,100.0,1,2.922908851455387
loo,7,ridge,100.0,2,2.992255310380816
loo,7,ridge,1000.0,0,2.9947603489993178
loo,7,ridge,1000.0,1,2.860344164371703
loo,7,ridge,1000.0,2,2.723360272619709
loo,7,ridge,10000.0,0,2.7632221027405266
loo,7,ridge,10000.0,1,2.6539343106492006
loo,7,ridge,10000.0,2,2.399713544300859
loo,7,pcr,1.0,0,3.475027713916781
loo,7,pcr,1.0,1,3.246593469996377
loo,7,pcr,1.0,2,3.1816442616748026
loo,7,pcr,2.0,0,3.3512193630093194
loo,7,pcr,2.0,1,2.9825635279427494
loo,7,pcr,2.0,2,1.9595590709524273
loo,7,pcr,3.0,0,3.36303919928339
loo,7,pcr,3.0,1,2.9061636308310845
loo,7,pcr,3.0,2,3.067243521501224
loo,7,pcr,5.0,0,3.4340159313834904
loo,7,pcr,5.0,1,2.7320959196915435
loo,7,pcr,5.0,2,2.9223493450970977
loo,8,ridge,0.1,0,3.0668862760082933
loo,8,ridge,0.1,1,2.846118295542922
loo,8,ridge,0.1,2,1.4723275001968599
loo,8,ridge,1.0,0,3.063028590423386
loo,8,ridge,1.0,1,2.846024733091252
loo,8,ridge,1.0,2,1.470523917452013
loo,8,ridge,10.0,0,3.0251468469992866
loo,8,ridge,10.0,1,2.8441939248368473
loo,8,ridge,10.0,2,1.4550942084577791
loo,8,ridge,100.0,0,2.7218112234657332
loo,8,ridge,100.0,1,2.7968330976234808
loo,8,ridge,100.0,2,1.4814289827411329
loo,8,ridge,1000.0,0,2.2809767306584208
loo,8,ridge,1000.0,1,2.474884767587995
loo,8,ridge,1000.0,2,1.5276256615352348
loo,8,ridge,10000.0,0,2.6996460695684985
loo,8,ridge,10000.0,1,1.940979177124501
loo,8,ridge,10000.0,2,1.6922316446898602
loo,8,pcr,1.0,0,3.2819936412564097
loo,8,pcr,1.0,1,2.063307083301863
loo,8,pcr,1.0,2,1.6284516268020084
loo,8,pcr,2.0,0,2.7480222503015552
loo,8,pcr,2.0,1,1.9137886492042735
loo,8,pcr,2.0,2,1.8047229785232848
loo,8,pcr,3.0,0,2.5327006458621173
loo,8,pcr,3.0,1,2.7282091455672375
loo,8,pcr,3.0,2,1.8059711885207534
loo,8,pcr,5.0,0,2.6730436293119397
loo,8,pcr,5.0,1,2.6492796049174756
loo,8,pcr,5.0,2,1.7725555964852429
loo,9,ridge,0.1,0,2.4686631249258393
loo,9,ridge,0.1,1,2.5515347216879953
loo,9,ridge,0.1,2,3.7665978595050795
loo,9,ridge,1.0,0,2.4644549624155254
loo,9,ridge,1.0,1,2.5419368402070766
loo,9,ridge,1.0,2,3.7670406196751554
loo,9,ridge,10.0,0,2.4240724597879257
loo,9,ridge,10.0,1,2.4518943556214245
loo,9,ridge,10.0,2,3.7711774814399432
loo,9,ridge,100.0,0,2.1559462427503497
loo,9,ridge,100.0,1,1.8939468472943695
loo,9,ridge,100.0,2,3.7930955725885074
loo,9,ridge,1000.0,0,1.498191395758054
loo,9,ridge,1000.0,1,1.458887660275197
loo,9,ridge,1000.0,2,3.8357454621741756
loo,9,ridge,10000.0,0,0.871828686959815
loo,9,ridge,10000.0,1,1.3322946497526829
loo,9,ridge,10000.0,2,4.075683013174217
loo,9,pcr,1.0,0,0.8509184641994584
loo,9,pcr,1.0,1,1.6483166496847854
loo,9,pcr,1.0,2,4.207735005948891
loo,9,pcr,2.0,0,1.2206413419139521
loo,9,pcr,2.0,1,1.91426435581788
loo,9,pcr,2.0,2,3.833864401599236
loo,9,pcr,3.0,0,1.1584116676143934
loo,9,pcr,3.0,1,1.9430115197140634
loo,9,pcr,3.0,2,3.475656606870828
loo,9,pcr,5.0,0,1.9076428734248705
loo,9,pcr,5.0,1,1.906519151649518
loo,9,pcr,5.0,2,3.7004955408944418
loo,10,ridge,0.1,0,3.19070456418142
loo,10,ridge,0.1,1,3.021206098943294
loo,10,ridge,0.1,2,1.823371895519904
loo,10,ridge,1.0,0,3.1828947947650965
loo,10,ridge,1.0,1,3.0143327504753237
loo,10,ridge,1.0,2,1.8185540261849542
loo,10,ridge,10.0,0,3.144588529415668
loo,10,ridge,10.0,1,2.95575103624844
loo,10,ridge,10.0,2,1.773761421959475
loo,10,ridge,100.0,0,3.1000879041592997
loo,10,ridge,100.0,1,2.7256400708900723
loo,10,ridge,100.0,2,1.539352790346598
loo,10,ridge,1000.0,0,3.1678239891309334
loo,10,ridge,1000.0,1,2.3329399341318005
loo,10,ridge,1000.0,2,1.062515753913683
loo,10,ridge,10000.0,0,3.4153884818250733
loo,10,ridge,10000.0,1,1.2992239621863781
loo,10,ridge,10000.0,2,1.682436334388927
loo,10,pcr,1.0,0,3.4895785662570953
loo,10,pcr,1.0,1,1.2207070177436836
loo,10,pcr,1.0,2,2.5366136537704773
loo,10,pcr,2.0,0,3.484327047938471
loo,10,pcr,2.0,1,3.01195876070223
loo,10,pcr,2.0,2,1.1342546543927956
loo,10,pcr,3.0,0,2.86424501797044
loo,10,pcr,3.0,1,2.9736236224409542
loo,10,pcr,3.0,2,1.248486618658692
loo,10,pcr,5.0,0,3.3250693807741465
loo,10,pcr,5.0,1,2.6362033325404006
loo,10,pcr,5.0,2,1.5634940154612131
loo,11,ridge,0.1,0,2.9198878640164976
loo,11,ridge,0.1,1,3.4983698116576076
loo,11,ridge,0.1,2,2.209622134932116
loo,11,ridge,1.0,0,2.9091678507338967
loo,11,ridge,1.0,1,3.4971263112702022
loo,11,ridge,1.0,2,2.2097521093188477
loo,11,ridge,10.0,0,2.8095787920678985
loo,11,ridge,10.0,1,3.4842925649423453
loo,11,ridge,10.0,2,2.209717095526997
loo,11,ridge,100.0,0,2.220411137749356
loo,11,ridge,100.0,1,3.3633361502771497
loo,11,ridge,100.0,2,2.1605151915558545
loo,11,ridge,1000.0,0,1.6832270958284568
loo,11,ridge,1000.0,1,3.065260965973908
loo,11,ridge,1000.0,2,1.9267624328844306
loo,11,ridge,10000.0,0,2.4127975366093564
loo,11,ridge,10000.0,1,3.229515899263792
loo,11,ridge,10000.0,2,1.7037144010176732
loo,11,pcr,1.0,0,2.955600160792276
loo,11,pcr,1.0,1,3.4186304286858924
loo,11,pcr,1.0,2,1.964954964059394
loo,11,pcr,2.0,0,1.9325650197992914
loo,11,pcr,2.0,1,3.1878253959227245
loo,11,pcr,2.0,2,2.5872614818437003
loo,11,pcr,3.0,0,1.5097457562620886
loo,11,pcr,3.0,1,3.2023217730919273
loo,11,pcr,3.0,2,2.4772285827860636
loo,11,pcr,5.0,0,1.5929481865160138
loo,11,pcr,5.0,1,2.5067836330090216
loo,11,pcr,5.0,2,2.4032192480996213
loo,12,ridge,0.1,0,2.6839800475937965
loo,12,ridge,0.1,1,2.4069186813951275
loo,12,ridge,0.1,2,3.927398351212254
loo,12,ridge,1.0,0,2.682990157986275
loo,12,ridge,1.0,1,2.4075732139516965
loo,12,ridge,1.0,2,3.92133910319633
loo,12,ridge,10.0,0,2.6717602816897967
loo,12,ridge,10.0,1,2.413402336310939
loo,12,ridge,10.0,2,3.8647109776434423
loo,12,ridge,100.0,0,2.5218916000603167
loo,12,ridge,100.0,1,2.4385394155782003
loo,12,ridge,100.0,2,3.5149025885943708
loo,12,ridge,1000.0,0,1.8886657622961387
loo,12,ridge,1000.0,1,2.4061264711480024
loo,12,ridge,1000.0,2,2.9756405842082887
loo,12,ridge,10000.0,0,2.3884968528913695
loo,12,ridge,10000.0,1,1.9424041791857043
loo,12,ridge,10000.0,2,2.6161017993312057
loo,12,pcr,1.0,0,2.8613143708011863
loo,12,pcr,1.0,1,2.0985912892173633
loo,12,pcr,1.0,2,2.893713415703262
loo,12,pcr,2.0,0,1.8885850635256851
loo,12,pcr,2.0,1,2.6467251379539625
loo,12,pcr,2.0,2,2.714263927667385
loo,12,pcr,3.0,0,2.061292965857023
loo,12,pcr,3.0,1,3.046104068672891
loo,12,pcr,3.0,2,2.608596685824119
loo,12,pcr,5.0,0,1.9359711485948772
loo,12,pcr,5.0,1,2.325903795638799
loo,12,pcr,5.0,2,3.381748267281177
loo,13,ridge,0.1,0,2.8852463546577996
loo,13,ridge,0.1,1,2.939185831608947
loo,13,ridge,0.1,2,3.9557976418643244
loo,13,ridge,1.0,0,2.877980284643261
loo,13,ridge,1.0,1,2.9343869719797406
loo,13,ridge,1.0,2,3.949627887922986
loo,13,ridge,10.0,0,2.8089922121925888
loo,13,ridge,10.0,1,2.8902554005462195
loo,13,ridge,10.0,2,3.8909251645080487
loo,13,ridge,100.0,0,2.350202917304351
loo,13,ridge,100.0,1,2.6484377310964295
loo,13,ridge,100.0,2,3.5018582003913097
loo,13,ridge,1000.0,0,1.6999485716745621
loo,13,ridge,1000.0,1,2.2774767793810207
loo,13,ridge,1000.0,2,3.055958317806065
loo,13,ridge,10000.0,0,1.8281883937148586
loo,13,ridge,10000.0,1,1.9583159996251538
loo,13,ridge,10000.0,2,3.664261389159875
loo,13,pcr,1.0,0,2.5852460790149556
loo,13,pcr,1.0,1,2.2073207323492308
loo,13,pcr,1.0,2,4.279608290408541
loo,13,pcr,2.0,0,1.6313424466375015
loo,13,pcr,2.0,1,2.6263719256041465
loo,13,pcr,2.0,2,3.0837227324782863
loo,13,pcr,3.0,0,1.6879986096849227
loo,13,pcr,3.0,1,2.6250156766609574
loo,13,pcr,3.0,2,2.6488494159660356
loo,13,pcr,5.0,0,2.1361371329548264
loo,13,pcr,5.0,1,2.0470789886793272
loo,13,pcr,5.0,2,3.671576916449274
loo,14,ridge,0.1,0,2.6217584064663884
loo,14,ridge,0.1,1,2.0216511748958603
loo,14,ridge,0.1,2,2.2348443233087374
loo,14,ridge,1.0,0,2.6221690869938428
loo,14,ridge,1.0,1,2.0209379045853133
loo,14,ridge,1.0,2,2.231634958186389
loo,14,ridge,10.0,0,2.6264262701791705
loo,14,ridge,10.0,1,2.01433549072571
loo,14,ridge,10.0,2,2.202141457899941
loo,14,ridge,100.0,0,2.680489338444898
loo,14,ridge,100.0,1,1.9761970342108957
loo,14,ridge,100.0,2,2.051161487317239
loo,14,ridge,1000.0,0,2.903396361480128
loo,14,ridge,1000.0,1,1.928598342601548
loo,14,ridge,1000.0,2,2.012605270677432
loo,14,ridge,10000.0,0,3.2059643896599623
loo,14,ridge,10000.0,1,2.133485636571199
loo,14,ridge,10000.0,2,2.338847729564239
loo,14,pcr,1.0,0,3.575308573280619
loo,14,pcr,1.0,1,2.183061419929983
loo,14,pcr,1.0,2,2.675658763765162
loo,14,pcr,2.0,0,2.8226858116087823
loo,14,pcr,2.0,1,2.046716117289694
loo,14,pcr,2.0,2,2.3599540981750384
loo,14,pcr,3.0,0,2.8348418458687275
loo,14,pcr,3.0,1,2.7984755623896427
loo,14,pcr,3.0,2,2.2723666249142433
loo,14,pcr,5.0,0,2.809460947721742
loo,14,pcr,5.0,1,1.9203634068173046
loo,14,pcr,5.0,2,1.9280858207158786
loo,15,ridge,0.1,0,2.6620707618680006
loo,15,ridge,0.1,1,3.084977800719639
loo,15,ridge,0.1,2,3.058052494026864
loo,15,ridge,1.0,0,2.6577506920459477
loo,15,ridge,1.0,1,3.0854684129000627
loo,15,ridge,1.0,2,3.0568276323488646
loo,15,ridge,10.0,0,2.6173849473799744
loo,15,ridge,10.0,1,3.089517334661643
loo,15,ridge,10.0,2,3.0461458759552222
loo,15,ridge,100.0,0,2.355033767437532
loo,15,ridge,100.0,1,3.094733366847631
loo,15,ridge,100.0,2,3.0046500911871044
loo,15,ridge,1000.0,0,1.820782287310075
loo,15,ridge,1000.0,1,3.076353207114524
loo,15,ridge,1000.0,2,3.0099205619467555
loo,15,ridge,10000.0,0,1.6063936734892326
loo,15,ridge,10000.0,1,3.178544352183282
loo,15,ridge,10000.0,2,3.7586450377805782
loo,15,pcr,1.0,0,2.954425738899746
loo,15,pcr,1.0,1,3.591270021555458
loo,15,pcr,1.0,2,4.36486782717289
loo,15,pcr,2.0,0,1.5240885532784698
loo,15,pcr,2.0,1,3.4824289380229505
loo,15,pcr,2.0,2,2.738437759789204
loo,15,pcr,3.0,0,1.5524082742330505
loo,15,pcr,3.0,1,3.5346403266122315
loo,15,pcr,3.0,2,2.884011573733947
loo,15,pcr,5.0,0,2.221569287473353
loo,15,pcr,5.0,1,2.7579527534414585
loo,15,pcr,5.0,2,2.9978351345221683
loo,16,ridge,0.1,0,3.2625700438069005
loo,16,ridge,0.1,1,4.309403860320136
loo,16,ridge,0.1,2,2.591510311357709
loo,16,ridge,1.0,0,3.259633673230469
loo,16,ridge,1.0,1,4.296171291365648
loo,16,ridge,1.0,2,2.5862168206209755
loo,16,ridge,10.0,0,3.230591821380845
loo,16,ridge,10.0,1,4.173796687981322
loo,16,ridge,10.0,2,2.536906515721144
loo,16,ridge,100.0,0,2.9945689140962313
loo,16,ridge,100.0,1,3.50335005732342
loo,16,ridge,100.0,2,2.5844039097816314
loo,16,ridge,1000.0,0,2.246632031343773
loo,16,ridge,1000.0,1,2.9048010518094216
loo,16,ridge,1000.0,2,2.5406208543488025
loo,16,ridge,10000.0,0,2.459490653819205
loo,16,ridge,10000.0,1,3.071292364330924
loo,16,ridge,10000.0,2,1.9179262533947543
loo,16,pcr,1.0,0,3.300420926293991
loo,16,pcr,1.0,1,3.0607920005358777
loo,16,pcr,1.0,2,2.1145348076591755
loo,16,pcr,2.0,0,2.1126970392540305
loo,16,pcr,2.0,1,3.526323823621114
loo,16,pcr,2.0,2,2.738760933577646
loo,16,pcr,3.0,0,2.1323705473527164
loo,16,pcr,3.0,1,2.307965908585103
loo,16,pcr,3.0,2,2.5051210481881854
loo,16,pcr,5.0,0,2.735023488104004
loo,16,pcr,5.0,1,2.505381401778509
loo,16,pcr,5.0,2,2.8154792838000042
loo,17,ridge,0.1,0,2.409779486574201
loo,17,ridge,0.1,1,2.775093448193777
loo,17,ridge,0.1,2,2.271915416654902
loo,17,ridge,1.0,0,2.4129035823161695
loo,17,ridge,1.0,1,2.7740840456715925
loo,17,ridge,1.0,2,2.2729080918789513
loo,17,ridge,10.0,0,2.4418109177147196
loo,17,ridge,10.0,1,2.7649260679541694
loo,17,ridge,10.0,2,2.2812663797206376
loo,17,ridge,100.0,0,2.600500708543452
loo,17,ridge,100.0,1,2.713592904126473
loo,17,ridge,100.0,2,2.2947546085197725
loo,17,ridge,1000.0,0,2.822206221277091
loo,17,ridge,1000.0,1,2.539751364164253
loo,17,ridge,1000.0,2,2.1579994040633217
loo,17,ridge,10000.0,0,3.1461803051793615
loo,17,ridge,10000.0,1,2.563443288950843
loo,17,ridge,10000.0,2,1.8245520423558226
loo,17,pcr,1.0,0,3.379817376698378
loo,17,pcr,1.0,1,3.156756169292597
loo,17,pcr,1.0,2,1.464174977859064
loo,17,pcr,2.0,0,2.785664557405417
loo,17,pcr,2.0,1,2.1385968953857315
loo,17,pcr,2.0,2,2.7836446732426965
loo,17,pcr,3.0,0,2.6493338061627485
loo,17,pcr,3.0,1,2.7025257367957773
loo,17,pcr,3.0,2,2.765225516212368
loo,17,pcr,5.0,0,2.8761176911313755
loo,17,pcr,5.0,1,2.6525888230986356
loo,17,pcr,5.0,2,2.2944797338495206
loo,18,ridge,0.1,0,2.7843234256575613
loo,18,ridge,0.1,1,3.8699056683277906
loo,18,ridge,0.1,2,3.0521894568427634
loo,18,ridge,1.0,0,2.782329648509647
loo,18,ridge,1.0,1,3.8667731964993677
loo,18,ridge,1.0,2,3.045439741776297
loo,18,ridge,10.0,0,2.7634115160171926
loo,18,ridge,10.0,1,3.836558071406691
loo,18,ridge,10.0,2,2.9815672194283205
loo,18,ridge,100.0,0,2.6218949577687987
loo,18,ridge,100.0,1,3.6000868620415183
loo,18,ridge,100.0,2,2.651199687095588
loo,18,ridge,1000.0,0,2.736122224192379
loo,18,ridge,1000.0,1,2.915680910941767
loo,18,ridge,1000.0,2,2.291592562365007
loo,18,ridge,10000.0,0,2.827054076077185
loo,18,ridge,10000.0,1,1.7999232935180505
loo,18,ridge,10000.0,2,2.2720601153860382
loo,18,pcr,1.0,0,3.911613631397412
loo,18,pcr,1.0,1,1.3723898859442272
loo,18,pcr,1.0,2,2.4928105269888676
loo,18,pcr,2.0,0,2.8120591589214317
loo,18,pcr,2.0,1,2.565559003031014
loo,18,pcr,2.0,2,2.5760131096432928
loo,18,pcr,3.0,0,2.478469070289649
loo,18,pcr,3.0,1,3.1527748619495934
loo,18,pcr,3.0,2,1.8483806192962338
loo,18,pcr,5.0,0,3.1260914800671524
loo,18,pcr,5.0,1,3.1786404579769396
loo,18,pcr,5.0,2,1.9602494240357426
loo,19,ridge,0.1,0,2.736800396819621
loo,19,ridge,0.1,1,2.543415798923924
loo,19,ridge,0.1,2,2.5150357896977993
loo,19,ridge,1.0,0,2.7357948346233494
loo,19,ridge,1.0,1,2.539616879829494
loo,19,ridge,1.0,2,2.51291091443357
loo,19,ridge,10.0,0,2.725931710895563
loo,19,ridge,10.0,1,2.5045085031077967
loo,19,ridge,10.0,2,2.491584784289209
loo,19,ridge,100.0,0,2.6769330763939587
loo,19,ridge,100.0,1,2.301307078896484
loo,19,ridge,100.0,2,2.4193531060010014
loo,19,ridge,1000.0,0,2.5412829407529363
loo,19,ridge,1000.0,1,1.9623969512810782
loo,19,ridge,1000.0,2,2.1915771497632464
loo,19,ridge,10000.0,0,2.354639252896009
loo,19,ridge,10000.0,1,1.6645697448282377
loo,19,ridge,10000.0,2,2.346407770213086
loo,19,pcr,1.0,0,2.6468653549676877
loo,19,pcr,1.0,1,1.5515034688617615
loo,19,pcr,1.0,2,2.82190197504042
loo,19,pcr,2.0,0,2.5350833127923447
loo,19,pcr,2.0,1,2.6482381238329027
loo,19,pcr,2.0,2,1.8338477251971923
loo,19,pcr,3.0,0,2.782861942385065
loo,19,pcr,3.0,1,2.543452361316385
loo,19,pcr,3.0,2,2.3732220710786334
loo,19,pcr,5.0,0,2.5276965270770413
loo,19,pcr,5.0,1,2.0675348501339865
loo,19,pcr,5.0,2,2.240301540252086
